{"cameraMode":{"drawMode":0,"name":"Shaded","section":"Shading Mode"},"sceneLighting":true,"audioPlay":false,"sceneViewState":{"m_AlwaysRefresh":false,"showFog":true,"showSkybox":true,"showFlares":true,"showImageEffects":true,"showParticleSystems":true,"showVisualEffectGraphs":true,"m_FxEnabled":true},"in2DMode":false,"pivot":{"x":0.11781740188598633,"y":-1.2454237937927247,"z":-17.187767028808595},"rotation":{"x":0.004286956507712603,"y":0.9953072667121887,"z":-0.08110690116882324,"w":0.05260167270898819},"size":12.932548522949219,"orthographic":false}