{"cameraMode":{"drawMode":0,"name":"Shaded","section":"Shading Mode"},"sceneLighting":false,"audioPlay":false,"sceneViewState":{"m_AlwaysRefresh":false,"showFog":true,"showSkybox":false,"showFlares":true,"showImageEffects":true,"showParticleSystems":true,"showVisualEffectGraphs":true,"m_FxEnabled":true},"in2DMode":false,"pivot":{"x":0.11781740188598633,"y":-1.2454237937927247,"z":-17.187767028808595},"rotation":{"x":0.027209922671318055,"y":-0.0838736817240715,"z":0.002291679847985506,"w":0.9961026310920715},"size":1.1785410642623902,"orthographic":false}